{"cameraMode":{"drawMode":0,"name":"Shaded","section":"Shading Mode"},"sceneLighting":true,"audioPlay":false,"sceneViewState":{"showFog":true,"showMaterialUpdate":true,"showSkybox":true,"showFlares":true,"showImageEffects":true,"showParticleSystems":true},"in2DMode":false,"pivot":{"x":-4.047982215881348,"y":6.49482536315918,"z":17.562973022460939},"rotation":{"x":-0.4064931571483612,"y":-0.321681946516037,"z":0.15560315549373628,"w":-0.8409138917922974},"size":7.031359672546387,"orthographic":false}