{"cameraMode":{"drawMode":0,"name":"Shaded","section":"Shading Mode"},"sceneLighting":true,"audioPlay":false,"sceneViewState":{"showFog":true,"showMaterialUpdate":true,"showSkybox":true,"showFlares":true,"showImageEffects":true,"showParticleSystems":true},"in2DMode":false,"pivot":{"x":-0.9391580820083618,"y":-0.12775683403015138,"z":20.013999938964845},"rotation":{"x":-0.3709283769130707,"y":-0.20576594769954682,"z":0.0847465991973877,"w":-0.9016408920288086},"size":19.146259307861329,"orthographic":false}