{"cameraMode":{"drawMode":0,"name":"Shaded","section":"Shading Mode"},"sceneLighting":true,"audioPlay":false,"sceneViewState":{"showFog":true,"showMaterialUpdate":true,"showSkybox":true,"showFlares":true,"showImageEffects":true,"showParticleSystems":true},"in2DMode":false,"pivot":{"x":0.3423556089401245,"y":1.876683235168457,"z":20.711576461791993},"rotation":{"x":-0.24829725921154023,"y":-0.3983413577079773,"z":0.1130330041050911,"w":-0.8757627010345459},"size":14.714895248413086,"orthographic":false}