{"cameraMode":{"drawMode":0,"name":"Shaded","section":"Shading Mode"},"sceneLighting":false,"audioPlay":false,"sceneViewState":{"showFog":true,"showMaterialUpdate":true,"showSkybox":false,"showFlares":true,"showImageEffects":true,"showParticleSystems":true},"in2DMode":false,"pivot":{"x":-0.1770700216293335,"y":2.898099184036255,"z":22.677888870239259},"rotation":{"x":-0.3525022566318512,"y":0.018830733373761178,"z":-0.007024614606052637,"w":-0.9356231689453125},"size":19.601593017578126,"orthographic":false}